fixed acidity;volatile acidity;citric acid;residual sugar;chlorides;free sulfur dioxide;total sulfur dioxide;density;pH;sulphates;alcohol;quality
8.8;0.61;0.14;2.4;0.067;10.0;42.0;0.9969;3.19;0.59;9.5;3
9.2;0.46;0.23;2.6;0.091;18.0;77.0;0.9992200000000001;3.15;0.51;9.4;3
6.1;0.32;0.25;2.3;0.071;23.0;58.0;0.9963299999999999;3.42;0.97;10.6;3
12.3;0.5;0.49;2.2;0.08900000000000001;5.0;14.0;1.0002;3.19;0.44;9.6;3
7.4;0.7;0.0;1.9;0.076;11.0;34.0;0.9978;3.51;0.56;9.4;3
7.4;0.64;0.17;5.4;0.168;52.0;98.0;0.99736;3.28;0.5;9.5;3
8.6;0.38;0.36;3.0;0.081;30.0;119.0;0.997;3.2;0.56;9.4;3
11.4;0.46;0.5;2.7;0.122;4.0;17.0;1.0006;3.13;0.7;10.2;3
10.6;0.36;0.6;2.2;0.152;7.0;18.0;0.9986;3.04;1.06;9.4;3
13.3;0.43;0.58;1.9;0.07;15.0;40.0;1.0004;3.06;0.49;9.0;3
11.2;0.5;0.74;5.15;0.1;5.0;17.0;0.9996;3.22;0.62;11.2;3
7.7;0.69;0.22;1.9;0.084;18.0;94.0;0.9961;3.31;0.48;9.5;3
6.8;0.69;0.0;5.6;0.124;21.0;58.0;0.9997;3.46;0.72;10.2;3
9.2;0.59;0.24;3.3;0.10099999999999999;20.0;47.0;0.9988;3.26;0.67;9.6;3
7.1;0.68;0.0;2.3;0.087;17.0;26.0;0.9978299999999999;3.45;0.53;9.5;3
7.2;0.41;0.3;2.1;0.083;35.0;72.0;0.997;3.44;0.52;9.4;3
8.6;0.47;0.27;2.3;0.055;14.0;28.0;0.99516;3.18;0.8;11.2;3
7.1;0.59;0.01;2.5;0.077;20.0;85.0;0.99746;3.55;0.59;9.8;3
7.9;0.69;0.21;2.1;0.08;33.0;141.0;0.9962;3.25;0.51;9.9;3
7.6;0.49;0.26;1.6;0.23600000000000002;10.0;88.0;0.9968;3.11;0.8;9.3;3
8.8;0.685;0.26;1.6;0.08800000000000001;16.0;23.0;0.9969399999999999;3.32;0.47;9.4;3
7.3;0.49;0.1;2.6;0.068;4.0;14.0;0.9956200000000001;3.3;0.47;10.5;3
8.9;0.875;0.13;3.45;0.08800000000000001;4.0;14.0;0.9994;3.44;0.52;11.5;3
10.3;0.34;0.52;2.8;0.159;15.0;75.0;0.9998;3.18;0.64;9.4;3
8.4;0.745;0.11;1.9;0.09;16.0;63.0;0.9965;3.19;0.82;9.6;3
8.0;0.6;0.22;2.1;0.08;25.0;105.0;0.99613;3.3;0.49;9.9;3
6.5;0.615;0.0;1.9;0.065;9.0;18.0;0.9972;3.46;0.65;9.2;3
6.1;0.32;0.25;1.8;0.086;5.0;32.0;0.99464;3.36;0.44;10.1;3
8.3;0.85;0.14;2.5;0.09300000000000001;13.0;54.0;0.99724;3.36;0.54;10.1;3
6.9;0.56;0.03;1.5;0.086;36.0;46.0;0.9952200000000001;3.53;0.57;10.6;3
5.3;0.715;0.19;1.5;0.161;7.0;62.0;0.99395;3.62;0.61;11.0;3
7.9;0.37;0.23;1.8;0.077;23.0;49.0;0.9963;3.28;0.67;9.3;3
6.6;0.61;0.01;1.9;0.08;8.0;25.0;0.99746;3.69;0.73;10.5;3
7.6;0.55;0.21;2.2;0.071;7.0;28.0;0.9964;3.28;0.55;9.7;3
6.4;0.57;0.14;3.9;0.07;27.0;73.0;0.99669;3.32;0.48;9.2;3
7.7;0.51;0.28;2.1;0.087;23.0;54.0;0.998;3.42;0.74;9.2;3
6.7;0.54;0.13;2.0;0.076;15.0;36.0;0.9973;3.61;0.64;9.8;3
11.5;0.42;0.48;2.6;0.077;8.0;20.0;0.9985200000000001;3.09;0.53;11.0;3
9.2;0.54;0.31;2.3;0.11199999999999999;11.0;38.0;0.9969899999999999;3.24;0.56;10.9;3
8.3;0.715;0.15;1.8;0.08900000000000001;10.0;52.0;0.9968;3.23;0.77;9.5;3
7.6;0.685;0.23;2.3;0.111;20.0;84.0;0.9964;3.21;0.61;9.3;3
7.7;0.67;0.23;2.1;0.08800000000000001;17.0;96.0;0.9962;3.32;0.48;9.5;3
8.0;0.28;0.44;1.8;0.081;28.0;68.0;0.9950100000000001;3.36;0.66;11.2;3
9.1;0.66;0.15;3.2;0.09699999999999999;9.0;59.0;0.99976;3.28;0.54;9.6;3
8.6;0.63;0.17;2.9;0.099;21.0;119.0;0.998;3.09;0.52;9.3;3
6.8;0.59;0.1;1.7;0.063;34.0;53.0;0.9958;3.41;0.67;9.7;3
6.6;0.725;0.2;7.8;0.073;29.0;79.0;0.9977;3.29;0.54;9.2;3
7.0;0.62;0.18;1.5;0.062;7.0;50.0;0.9951;3.08;0.6;9.3;3
7.2;0.56;0.26;2.0;0.083;13.0;100.0;0.9958600000000001;3.26;0.52;9.9;3
7.1;0.735;0.16;1.9;0.1;15.0;77.0;0.9966;3.27;0.64;9.3;3
6.3;0.39;0.16;1.4;0.08;11.0;23.0;0.9955;3.34;0.56;9.3;3
6.5;0.885;0.0;2.3;0.166;6.0;12.0;0.99551;3.56;0.51;10.8;3
9.8;0.37;0.39;2.5;0.079;28.0;65.0;0.99729;3.16;0.59;9.8;3
9.6;0.56;0.23;3.4;0.102;37.0;92.0;0.9996;3.3;0.65;10.1;3
6.0;0.5;0.0;1.4;0.057;15.0;26.0;0.9944799999999999;3.36;0.45;9.5;3
9.9;0.72;0.55;1.7;0.136;24.0;52.0;0.9975200000000001;3.35;0.94;10.0;3
7.2;0.73;0.02;2.5;0.076;16.0;42.0;0.9972;3.44;0.52;9.3;3
11.3;0.37;0.5;1.8;0.09;20.0;47.0;0.99734;3.15;0.57;10.5;3
8.9;0.75;0.14;2.5;0.086;9.0;30.0;0.99824;3.34;0.64;10.5;3
7.4;0.6;0.26;7.3;0.07;36.0;121.0;0.9982;3.37;0.49;9.4;3
7.5;0.61;0.26;1.9;0.073;24.0;88.0;0.9961200000000001;3.3;0.53;9.8;3
8.7;0.29;0.52;1.6;0.113;12.0;37.0;0.9969;3.25;0.58;9.5;3
10.8;0.45;0.33;2.5;0.099;20.0;38.0;0.99818;3.24;0.71;10.8;3
7.7;0.49;0.26;1.9;0.062;9.0;31.0;0.9966;3.39;0.64;9.6;3
7.7;0.6;0.0;2.6;0.055;7.0;13.0;0.99639;3.38;0.56;10.8;3
9.9;0.5;0.5;13.8;0.205;48.0;82.0;1.00242;3.16;0.75;8.8;3
7.8;0.62;0.05;2.3;0.079;6.0;18.0;0.99735;3.29;0.63;9.3;3
8.9;0.48;0.24;2.85;0.094;35.0;106.0;0.9982;3.1;0.53;9.2;3
9.2;0.53;0.24;2.6;0.078;28.0;139.0;0.9978799999999999;3.21;0.57;9.5;3
9.0;0.6;0.29;2.0;0.069;32.0;73.0;0.99654;3.34;0.57;10.0;3
6.8;0.67;0.0;1.9;0.08;22.0;39.0;0.9970100000000001;3.4;0.74;9.7;3
9.0;0.48;0.32;2.8;0.084;21.0;122.0;0.9984;3.32;0.62;9.4;3
7.2;0.62;0.06;2.7;0.077;15.0;85.0;0.99746;3.51;0.54;9.5;3
7.2;0.34;0.32;2.5;0.09;43.0;113.0;0.9966;3.32;0.79;11.1;3
10.0;0.38;0.38;1.6;0.16899999999999998;27.0;90.0;0.9991399999999999;3.15;0.65;8.5;3
9.0;0.46;0.23;2.8;0.092;28.0;104.0;0.9983;3.1;0.56;9.2;3
7.3;0.67;0.05;3.6;0.107;6.0;20.0;0.9972;3.4;0.63;10.1;3
8.3;0.6;0.25;2.2;0.11800000000000001;9.0;38.0;0.99616;3.15;0.53;9.8;3
9.3;0.39;0.44;2.1;0.107;34.0;125.0;0.9978;3.14;1.22;9.5;3
8.8;0.41;0.64;2.2;0.09300000000000001;9.0;42.0;0.9986;3.54;0.66;10.5;3
8.2;0.28;0.6;3.0;0.10400000000000001;10.0;22.0;0.99828;3.39;0.68;10.6;3
7.2;0.39;0.32;1.8;0.065;34.0;60.0;0.9971399999999999;3.46;0.78;9.9;3
6.4;0.4;0.23;1.6;0.066;5.0;12.0;0.9958;3.34;0.56;9.2;3
9.3;0.4;0.49;2.5;0.085;38.0;142.0;0.9978;3.22;0.55;9.4;3
8.1;0.575;0.22;2.1;0.077;12.0;65.0;0.9967;3.29;0.51;9.2;3
8.8;0.6;0.29;2.2;0.098;5.0;15.0;0.9988;3.36;0.49;9.1;3
8.8;0.61;0.14;2.4;0.067;10.0;42.0;0.9969;3.19;0.59;9.5;3
9.8;0.39;0.43;1.65;0.068;5.0;11.0;0.9947799999999999;3.19;0.46;11.4;3
6.0;0.64;0.05;1.9;0.066;9.0;17.0;0.9949600000000001;3.52;0.78;10.6;3
7.7;0.96;0.2;2.0;0.047;15.0;60.0;0.9955;3.36;0.44;10.9;3
5.6;0.31;0.37;1.4;0.07400000000000001;12.0;96.0;0.9954;3.32;0.58;9.2;3
7.1;0.43;0.17;1.8;0.08199999999999999;27.0;51.0;0.99634;3.49;0.64;10.4;3
9.0;0.58;0.25;2.0;0.10400000000000001;8.0;21.0;0.99769;3.27;0.72;9.6;3
9.5;0.86;0.26;1.9;0.079;13.0;28.0;0.9971200000000001;3.25;0.62;10.0;3
7.2;0.49;0.24;2.2;0.07;5.0;36.0;0.996;3.33;0.48;9.4;3
9.5;0.55;0.66;2.3;0.387;12.0;37.0;0.9982;3.17;0.67;9.6;3
9.3;0.61;0.26;3.4;0.09;25.0;87.0;0.99975;3.24;0.62;9.7;3
10.4;0.28;0.54;2.7;0.105;5.0;19.0;0.9988;3.25;0.63;9.5;3
5.6;0.54;0.04;1.7;0.049;5.0;13.0;0.9942;3.72;0.58;11.4;3
12.7;0.6;0.65;2.3;0.063;6.0;25.0;0.9997;3.03;0.57;9.9;3
9.4;0.685;0.26;2.4;0.08199999999999999;23.0;143.0;0.9978;3.28;0.55;9.4;3
7.3;0.59;0.26;2.0;0.08;17.0;104.0;0.99584;3.28;0.52;9.9;3
11.9;0.58;0.66;2.5;0.07200000000000001;6.0;37.0;0.9992;3.05;0.56;10.0;3
8.6;0.52;0.38;1.5;0.096;5.0;18.0;0.99666;3.2;0.52;9.4;3
9.9;0.54;0.26;2.0;0.111;7.0;60.0;0.9970899999999999;2.94;0.98;10.2;3
6.4;0.795;0.0;2.2;0.065;28.0;52.0;0.9937799999999999;3.49;0.52;11.6;3
6.6;0.695;0.0;2.1;0.075;12.0;56.0;0.9968;3.49;0.67;9.2;3
11.1;0.35;0.48;3.1;0.09;5.0;21.0;0.9986;3.17;0.53;10.5;3
6.1;0.715;0.1;2.6;0.053;13.0;27.0;0.9936200000000001;3.57;0.5;11.9;3
8.3;0.78;0.1;2.6;0.081;45.0;87.0;0.9983;3.48;0.53;10.0;3
7.6;0.49;0.33;1.9;0.07400000000000001;27.0;85.0;0.9970600000000001;3.41;0.58;9.0;3
7.5;0.42;0.32;2.7;0.067;7.0;25.0;0.9962799999999999;3.24;0.44;10.4;3
8.7;0.675;0.1;1.6;0.09;4.0;11.0;0.99745;3.31;0.65;9.55;3
7.5;0.6;0.03;1.8;0.095;25.0;99.0;0.995;3.35;0.54;10.1;3
9.7;0.32;0.54;2.5;0.094;28.0;83.0;0.9984;3.28;0.82;9.6;3
7.6;0.74;0.0;1.9;0.1;6.0;12.0;0.99521;3.36;0.59;11.0;3
8.3;0.655;0.12;2.3;0.083;15.0;113.0;0.9966;3.17;0.66;9.8;3
7.6;0.41;0.49;2.0;0.08800000000000001;16.0;43.0;0.998;3.48;0.64;9.1;3
8.4;0.65;0.6;2.1;0.11199999999999999;12.0;90.0;0.9973;3.2;0.52;9.2;3
7.9;0.18;0.4;1.8;0.062;7.0;20.0;0.9941;3.28;0.7;11.1;3
9.8;0.51;0.19;3.2;0.081;8.0;30.0;0.9984;3.23;0.58;10.5;6
11.2;0.67;0.55;2.3;0.084;6.0;13.0;1.0;3.17;0.71;9.5;6
6.3;0.76;0.0;2.9;0.07200000000000001;26.0;52.0;0.99379;3.51;0.6;11.5;6
8.0;0.715;0.22;2.3;0.075;13.0;81.0;0.9968799999999999;3.24;0.54;9.5;6
10.1;0.45;0.23;1.9;0.08199999999999999;10.0;18.0;0.99774;3.22;0.65;9.3;6
6.4;0.42;0.09;2.3;0.054000000000000006;34.0;64.0;0.99724;3.41;0.68;10.4;6
6.9;0.765;0.18;2.4;0.243;5.5;48.0;0.9961200000000001;3.4;0.6;10.3;6
6.8;0.62;0.08;1.9;0.068;28.0;38.0;0.99651;3.42;0.82;9.5;6
7.8;0.52;0.25;1.9;0.081;14.0;38.0;0.9984;3.43;0.65;9.0;6
7.6;0.3;0.42;2.0;0.052000000000000005;6.0;24.0;0.9963;3.44;0.82;11.9;6
7.3;0.67;0.02;2.2;0.07200000000000001;31.0;92.0;0.99566;3.32;0.68;11.1;6
7.0;0.64;0.02;2.1;0.067;9.0;23.0;0.997;3.47;0.67;9.4;6
10.4;0.41;0.55;3.2;0.076;22.0;54.0;0.9996;3.15;0.89;9.9;6
7.8;0.5;0.12;1.8;0.17800000000000002;6.0;21.0;0.996;3.28;0.87;9.8;6
7.9;0.31;0.32;1.9;0.066;14.0;36.0;0.99364;3.41;0.56;12.6;6
7.6;0.48;0.31;2.8;0.07;4.0;15.0;0.9969299999999999;3.22;0.55;10.3;6
8.0;0.33;0.53;2.5;0.091;18.0;80.0;0.9976;3.37;0.8;9.6;6
6.5;0.9;0.0;1.6;0.052000000000000005;9.0;17.0;0.99467;3.5;0.63;10.9;6
7.9;0.765;0.0;2.0;0.084;9.0;22.0;0.9961899999999999;3.33;0.68;10.9;6
6.9;0.54;0.04;3.0;0.077;7.0;27.0;0.9987;3.69;0.91;9.4;6
9.0;0.53;0.49;1.9;0.171;6.0;25.0;0.9975;3.27;0.61;9.4;6
7.5;0.4;0.12;3.0;0.092;29.0;53.0;0.9967;3.37;0.7;10.3;6
6.5;0.63;0.33;1.8;0.059000000000000004;16.0;28.0;0.99531;3.36;0.64;10.1;6
10.4;0.26;0.48;1.9;0.066;6.0;10.0;0.99724;3.33;0.87;10.9;6
8.1;0.545;0.18;1.9;0.08;13.0;35.0;0.9972;3.3;0.59;9.0;6
6.7;0.46;0.24;1.7;0.077;18.0;34.0;0.9948;3.39;0.6;10.6;6
11.3;0.34;0.45;2.0;0.08199999999999999;6.0;15.0;0.9988;2.94;0.66;9.2;6
7.7;0.43;0.25;2.6;0.073;29.0;63.0;0.99615;3.37;0.58;10.5;6
7.4;0.49;0.27;2.1;0.071;14.0;25.0;0.9938799999999999;3.35;0.63;12.0;6
12.4;0.35;0.49;2.6;0.079;27.0;69.0;0.9994;3.12;0.75;10.4;6
8.3;0.58;0.13;2.9;0.096;14.0;63.0;0.9984;3.17;0.62;9.1;6
8.4;0.52;0.22;2.7;0.084;4.0;18.0;0.99682;3.26;0.57;9.9;6
8.2;0.4;0.31;1.9;0.08199999999999999;8.0;24.0;0.996;3.24;0.69;10.6;6
6.6;0.96;0.0;1.8;0.08199999999999999;5.0;16.0;0.9936;3.5;0.44;11.9;6
9.1;0.28;0.48;1.8;0.067;26.0;46.0;0.9967;3.32;1.04;10.6;6
7.6;0.78;0.0;1.7;0.076;33.0;45.0;0.9961200000000001;3.31;0.62;10.7;6
9.2;0.755;0.18;2.2;0.14800000000000002;10.0;103.0;0.9969;2.87;1.36;10.2;6
6.0;0.51;0.0;2.1;0.064;40.0;54.0;0.995;3.54;0.93;10.7;6
7.8;0.52;0.25;1.9;0.081;14.0;38.0;0.9984;3.43;0.65;9.0;6
8.9;0.32;0.31;2.0;0.08800000000000001;12.0;19.0;0.9957;3.17;0.55;10.4;6
7.5;0.55;0.24;2.0;0.078;10.0;28.0;0.9983;3.45;0.78;9.5;6
12.3;0.27;0.49;3.1;0.079;28.0;46.0;0.9993;3.2;0.8;10.2;6
7.6;0.35;0.6;2.6;0.073;23.0;44.0;0.99656;3.38;0.79;11.1;6
6.9;0.41;0.31;2.0;0.079;21.0;51.0;0.9966799999999999;3.47;0.55;9.5;6
5.8;1.01;0.66;2.0;0.039;15.0;88.0;0.9935700000000001;3.66;0.6;11.5;6
13.2;0.46;0.52;2.2;0.071;12.0;35.0;1.0006;3.1;0.56;9.0;6
9.4;0.685;0.11;2.7;0.077;6.0;31.0;0.9984;3.19;0.7;10.1;6
10.0;0.59;0.31;2.2;0.09;26.0;62.0;0.9994;3.18;0.63;10.2;6
9.1;0.76;0.68;1.7;0.414;18.0;64.0;0.9965200000000001;2.9;1.33;9.1;6
7.2;0.57;0.05;2.3;0.081;16.0;36.0;0.99564;3.38;0.6;10.3;6
7.1;0.61;0.02;2.5;0.081;17.0;87.0;0.99745;3.48;0.6;9.7;6
7.6;0.43;0.4;2.7;0.08199999999999999;6.0;11.0;0.9953799999999999;3.44;0.54;12.2;6
10.2;0.36;0.64;2.9;0.122;10.0;41.0;0.998;3.23;0.66;12.5;6
9.1;0.795;0.0;2.6;0.096;11.0;26.0;0.9994;3.35;0.83;9.4;6
8.2;0.34;0.38;2.5;0.08;12.0;57.0;0.9978;3.3;0.47;9.0;6
8.7;0.69;0.31;3.0;0.086;23.0;81.0;1.0002;3.48;0.74;11.6;6
6.7;0.855;0.02;1.9;0.064;29.0;38.0;0.99472;3.3;0.56;10.75;6
10.4;0.41;0.55;3.2;0.076;22.0;54.0;0.9996;3.15;0.89;9.9;6
8.8;0.61;0.19;4.0;0.094;30.0;69.0;0.99787;3.22;0.5;10.0;6
9.9;0.44;0.46;2.2;0.091;10.0;41.0;0.9963799999999999;3.18;0.69;11.9;6
12.6;0.39;0.49;2.5;0.08;8.0;20.0;0.9992;3.07;0.82;10.3;6
10.7;0.4;0.48;2.1;0.125;15.0;49.0;0.998;3.03;0.81;9.7;6
5.6;0.31;0.78;13.9;0.07400000000000001;23.0;92.0;0.99677;3.39;0.48;10.5;6
7.6;0.41;0.14;3.0;0.087;21.0;43.0;0.9964;3.32;0.57;10.5;6
6.6;0.52;0.04;2.2;0.069;8.0;15.0;0.9956;3.4;0.63;9.4;6
7.9;0.34;0.42;2.0;0.086;8.0;19.0;0.99546;3.35;0.6;11.4;6
9.0;0.4;0.43;2.4;0.068;29.0;46.0;0.9943;3.2;0.6;12.2;6
6.8;0.65;0.02;2.1;0.078;8.0;15.0;0.99498;3.35;0.62;10.4;6
6.8;0.49;0.22;2.3;0.071;13.0;24.0;0.9943799999999999;3.41;0.83;11.3;6
8.9;0.43;0.45;1.9;0.052000000000000005;6.0;16.0;0.9948;3.35;0.7;12.5;6
11.6;0.23;0.57;1.8;0.07400000000000001;3.0;8.0;0.9981;3.14;0.7;9.9;6
10.7;0.67;0.22;2.7;0.107;17.0;34.0;1.0004;3.28;0.98;9.9;6
9.8;0.44;0.47;2.5;0.063;9.0;28.0;0.9981;3.24;0.65;10.8;6
6.8;0.41;0.31;8.8;0.084;26.0;45.0;0.99824;3.38;0.64;10.1;6
10.2;0.645;0.36;1.8;0.053;5.0;14.0;0.9982;3.17;0.42;10.0;6
9.7;0.31;0.47;1.6;0.062;13.0;33.0;0.9983;3.27;0.66;10.0;6
5.0;0.38;0.01;1.6;0.048;26.0;60.0;0.9908399999999999;3.7;0.75;14.0;6
11.5;0.18;0.51;4.0;0.10400000000000001;4.0;23.0;0.9996;3.28;0.97;10.1;6
6.6;0.39;0.49;1.7;0.07;23.0;149.0;0.9922;3.12;0.5;11.5;6
11.5;0.18;0.51;4.0;0.10400000000000001;4.0;23.0;0.9996;3.28;0.97;10.1;6
7.4;0.37;0.43;2.6;0.08199999999999999;18.0;82.0;0.99708;3.33;0.68;9.7;6
8.0;0.25;0.43;1.7;0.067;22.0;50.0;0.9946;3.38;0.6;11.9;6
10.2;0.36;0.64;2.9;0.122;10.0;41.0;0.998;3.23;0.66;12.5;6
7.5;0.64;0.0;2.4;0.077;18.0;29.0;0.9965;3.32;0.6;10.0;6
7.5;0.51;0.02;1.7;0.084;13.0;31.0;0.9953799999999999;3.36;0.54;10.5;6
8.0;0.42;0.17;2.0;0.073;6.0;18.0;0.9972;3.29;0.61;9.2;6
11.4;0.625;0.66;6.2;0.08800000000000001;6.0;24.0;0.9988;3.11;0.99;13.3;6
9.4;0.43;0.24;2.8;0.092;14.0;45.0;0.998;3.19;0.73;10.0;6
8.2;0.42;0.49;2.6;0.084;32.0;55.0;0.9988;3.34;0.75;8.7;6
6.8;0.56;0.22;1.8;0.07400000000000001;15.0;24.0;0.9943799999999999;3.4;0.82;11.2;6
6.9;0.36;0.25;2.4;0.098;5.0;16.0;0.9964;3.41;0.6;10.1;6
8.7;0.42;0.45;2.4;0.07200000000000001;32.0;59.0;0.9961700000000001;3.33;0.77;12.0;6
6.2;0.7;0.15;5.1;0.076;13.0;27.0;0.9962200000000001;3.54;0.6;11.9;6
12.6;0.38;0.66;2.6;0.08800000000000001;10.0;41.0;1.001;3.17;0.68;9.8;6
8.0;0.725;0.24;2.8;0.083;10.0;62.0;0.99685;3.35;0.56;10.0;6
7.1;0.27;0.6;2.1;0.07400000000000001;17.0;25.0;0.9981399999999999;3.38;0.72;10.6;6
10.3;0.27;0.56;1.4;0.047;3.0;8.0;0.99471;3.16;0.51;11.8;6
6.7;0.46;0.24;1.7;0.077;18.0;34.0;0.9948;3.39;0.6;10.6;6
7.8;0.645;0.0;5.5;0.086;5.0;18.0;0.9986;3.4;0.55;9.6;6
9.4;0.4;0.31;2.2;0.09;13.0;62.0;0.9966;3.07;0.63;10.5;6
6.3;0.68;0.01;3.7;0.10300000000000001;32.0;54.0;0.9958600000000001;3.51;0.66;11.3;6
9.5;0.735;0.1;2.1;0.079;6.0;31.0;0.9986;3.23;0.56;10.1;6
9.6;0.42;0.35;2.1;0.083;17.0;38.0;0.9962200000000001;3.23;0.66;11.1;6
6.4;0.47;0.4;2.4;0.071;8.0;19.0;0.9963;3.56;0.73;10.6;6
8.9;0.59;0.5;2.0;0.337;27.0;81.0;0.9964;3.04;1.61;9.5;6
8.9;0.22;0.48;1.8;0.077;29.0;60.0;0.9968;3.39;0.53;9.4;6
6.6;0.5;0.01;1.5;0.06;17.0;26.0;0.9952;3.4;0.58;9.8;6
13.4;0.27;0.62;2.6;0.08199999999999999;6.0;21.0;1.0002;3.16;0.67;9.7;6
8.0;0.67;0.3;2.0;0.06;38.0;62.0;0.9958;3.26;0.56;10.2;6
7.8;0.53;0.04;1.7;0.076;17.0;31.0;0.9964;3.33;0.56;10.0;6
9.8;0.25;0.49;2.7;0.08800000000000001;15.0;33.0;0.9982;3.42;0.9;10.0;6
7.7;0.61;0.18;2.4;0.083;6.0;20.0;0.9963;3.29;0.6;10.2;6
7.6;0.5;0.29;2.3;0.086;5.0;14.0;0.9950200000000001;3.32;0.62;11.5;6
7.9;0.33;0.41;1.5;0.055999999999999994;6.0;35.0;0.9939600000000001;3.29;0.71;11.0;6
10.0;0.48;0.24;2.7;0.102;13.0;32.0;1.0;3.28;0.56;10.0;6
8.2;0.74;0.09;2.0;0.067;5.0;10.0;0.99418;3.28;0.57;11.8;6
6.9;0.74;0.03;2.3;0.054000000000000006;7.0;16.0;0.99508;3.45;0.63;11.5;6
7.7;0.43;0.25;2.6;0.073;29.0;63.0;0.99615;3.37;0.58;10.5;6
12.0;0.38;0.56;2.1;0.09300000000000001;6.0;24.0;0.99925;3.14;0.71;10.9;6
9.1;0.6;0.0;1.9;0.057999999999999996;5.0;10.0;0.9977;3.18;0.63;10.4;6
8.2;0.28;0.4;2.4;0.052000000000000005;4.0;10.0;0.99356;3.33;0.7;12.8;9
9.9;0.35;0.38;1.5;0.057999999999999996;31.0;47.0;0.9967600000000001;3.26;0.82;10.6;9
10.2;0.49;0.63;2.9;0.07200000000000001;10.0;26.0;0.9968;3.16;0.78;12.5;9
10.5;0.42;0.66;2.95;0.11599999999999999;12.0;29.0;0.997;3.24;0.75;11.7;9
5.3;0.47;0.11;2.2;0.048;16.0;89.0;0.99182;3.54;0.88;13.566666666666698;9
10.2;0.29;0.49;2.6;0.059000000000000004;5.0;13.0;0.9976;3.05;0.74;10.5;9
7.2;0.38;0.38;2.8;0.068;23.0;42.0;0.99356;3.34;0.72;12.9;9
9.1;0.29;0.33;2.05;0.063;13.0;27.0;0.99516;3.26;0.84;11.7;9
10.2;0.44;0.42;2.0;0.071;7.0;20.0;0.99566;3.14;0.79;11.1;9
7.2;0.36;0.46;2.1;0.07400000000000001;24.0;44.0;0.99534;3.4;0.85;11.0;9
10.4;0.24;0.46;1.8;0.075;6.0;21.0;0.9976;3.25;1.02;10.8;9
6.1;0.4;0.16;1.8;0.069;11.0;25.0;0.9955;3.42;0.74;10.1;9
10.2;0.34;0.48;2.1;0.052000000000000005;5.0;9.0;0.9945799999999999;3.2;0.69;12.1;9
7.5;0.27;0.34;2.3;0.05;4.0;8.0;0.9951;3.4;0.64;11.0;9
8.7;0.52;0.09;2.5;0.091;20.0;49.0;0.9976;3.34;0.86;10.6;9
8.5;0.32;0.42;2.3;0.075;12.0;19.0;0.99434;3.14;0.71;11.8;9
10.5;0.26;0.47;1.9;0.078;6.0;24.0;0.9976;3.18;1.04;10.9;9
8.5;0.28;0.56;1.8;0.092;35.0;103.0;0.9969;3.3;0.75;10.5;9
7.3;0.48;0.32;2.1;0.062;31.0;54.0;0.9972799999999999;3.3;0.65;10.0;9
7.5;0.43;0.3;2.2;0.062;6.0;12.0;0.99495;3.44;0.72;11.5;9
10.4;0.38;0.46;2.1;0.10400000000000001;6.0;10.0;0.99664;3.12;0.65;11.8;9
11.1;0.31;0.53;2.2;0.06;3.0;10.0;0.99572;3.02;0.83;10.9;9
7.2;0.36;0.46;2.1;0.07400000000000001;24.0;44.0;0.99534;3.4;0.85;11.0;9
5.3;0.47;0.11;2.2;0.048;16.0;89.0;0.99182;3.54;0.88;13.6;9
8.0;0.31;0.45;2.1;0.21600000000000003;5.0;16.0;0.9935799999999999;3.15;0.81;12.5;9
9.8;0.5;0.34;2.3;0.094;10.0;45.0;0.99864;3.24;0.6;9.7;9
7.9;0.34;0.36;1.9;0.065;5.0;10.0;0.99419;3.27;0.54;11.2;9
7.4;0.36;0.34;1.8;0.075;18.0;38.0;0.9933;3.38;0.88;13.6;9
8.1;0.38;0.28;2.1;0.066;13.0;30.0;0.9968;3.23;0.73;9.7;9
6.8;0.59;0.06;6.0;0.06;11.0;18.0;0.9962;3.41;0.59;10.8;9
6.7;0.28;0.28;2.4;0.012;36.0;100.0;0.99064;3.26;0.39;11.7;9
7.7;0.58;0.01;1.8;0.08800000000000001;12.0;18.0;0.9956799999999999;3.32;0.56;10.5;9
7.3;0.65;0.0;1.2;0.065;15.0;21.0;0.9946;3.39;0.47;10.0;9
8.0;0.59;0.16;1.8;0.065;3.0;16.0;0.9962;3.42;0.92;10.5;9
6.2;0.39;0.43;2.0;0.071;14.0;24.0;0.9942799999999999;3.45;0.87;11.2;9
8.7;0.48;0.3;2.8;0.066;10.0;28.0;0.9964;3.33;0.67;11.2;9
8.2;0.26;0.34;2.5;0.073;16.0;47.0;0.9959399999999999;3.4;0.78;11.3;9
8.9;0.4;0.51;2.6;0.052000000000000005;13.0;27.0;0.995;3.32;0.9;13.4;9
5.1;0.42;0.0;1.8;0.044000000000000004;18.0;88.0;0.9915700000000001;3.68;0.73;13.6;9
6.4;0.57;0.12;2.3;0.12;25.0;36.0;0.99519;3.47;0.71;11.3;9
10.0;0.44;0.49;2.7;0.077;11.0;19.0;0.9963;3.23;0.63;11.6;9
9.4;0.27;0.53;2.4;0.07400000000000001;6.0;18.0;0.9962;3.2;1.13;12.0;9
15.0;0.21;0.44;2.2;0.075;10.0;24.0;1.00005;3.07;0.84;9.2;9
7.6;0.735;0.02;2.5;0.071;10.0;14.0;0.9953799999999999;3.51;0.71;11.7;9
9.3;0.33;0.45;1.5;0.057;19.0;37.0;0.99498;3.18;0.89;11.1;9
9.9;0.27;0.49;5.0;0.08199999999999999;9.0;17.0;0.99484;3.19;0.52;12.5;9
6.8;0.36;0.32;1.8;0.067;4.0;8.0;0.9928;3.36;0.55;12.8;9
9.2;0.41;0.5;2.5;0.055;12.0;25.0;0.9952;3.34;0.79;13.3;9
7.7;0.28;0.3;2.0;0.062;18.0;34.0;0.9952;3.28;0.9;11.3;9
9.1;0.3;0.41;2.0;0.068;10.0;24.0;0.99523;3.27;0.85;11.7;9
8.5;0.34;0.4;4.7;0.055;3.0;9.0;0.9973799999999999;3.38;0.66;11.6;9
12.0;0.28;0.49;1.9;0.07400000000000001;10.0;21.0;0.9976;2.98;0.66;9.9;9
9.1;0.21;0.37;1.6;0.067;6.0;10.0;0.9955200000000001;3.23;0.58;11.1;9
9.1;0.3;0.34;2.0;0.064;12.0;25.0;0.99516;3.26;0.84;11.7;9
8.9;0.12;0.45;1.8;0.075;10.0;21.0;0.9955200000000001;3.41;0.76;11.9;9
8.5;0.28;0.35;1.7;0.061;6.0;15.0;0.99524;3.3;0.74;11.8;9
8.3;0.31;0.39;2.4;0.078;17.0;43.0;0.99444;3.31;0.77;12.5;9
6.6;0.52;0.08;2.4;0.07;13.0;26.0;0.9935799999999999;3.4;0.72;12.5;9
10.5;0.51;0.64;2.4;0.107;6.0;15.0;0.9973;3.09;0.66;11.8;9
8.4;0.37;0.43;2.3;0.063;12.0;19.0;0.9955;3.17;0.81;11.2;9
12.9;0.35;0.49;5.8;0.066;5.0;35.0;1.0014;3.2;0.66;12.0;9
10.4;0.33;0.63;2.8;0.084;5.0;22.0;0.9998;3.26;0.74;11.2;9
8.9;0.12;0.45;1.8;0.075;10.0;21.0;0.9955200000000001;3.41;0.76;11.9;9
9.5;0.39;0.41;8.9;0.069;18.0;39.0;0.99859;3.29;0.81;10.9;9
9.9;0.4;0.53;6.7;0.09699999999999999;6.0;19.0;0.9986;3.27;0.82;11.7;9
8.9;0.35;0.4;3.6;0.11;12.0;24.0;0.99549;3.23;0.7;12.0;9
8.3;0.3;0.49;3.8;0.09;11.0;24.0;0.99498;3.27;0.64;12.1;9
9.4;0.41;0.48;4.6;0.07200000000000001;10.0;20.0;0.9973;3.34;0.79;12.2;9
10.5;0.24;0.42;1.8;0.077;6.0;22.0;0.9976;3.21;1.05;10.8;9
9.9;0.53;0.57;2.4;0.09300000000000001;30.0;52.0;0.9971;3.19;0.76;11.6;9
7.9;0.3;0.68;8.3;0.05;37.5;289.0;0.99316;3.01;0.51;12.3;9
9.4;0.27;0.53;2.4;0.07400000000000001;6.0;18.0;0.9962;3.2;1.13;12.0;9
11.5;0.54;0.71;4.4;0.124;6.0;15.0;0.9984;3.01;0.83;11.8;9
12.8;0.3;0.74;2.6;0.095;9.0;28.0;0.9994;3.2;0.77;10.8;9
8.1;0.29;0.36;2.2;0.048;35.0;53.0;0.995;3.27;1.01;12.4;9
7.9;0.3;0.68;8.3;0.05;37.5;278.0;0.99316;3.01;0.51;12.3;9
8.3;0.31;0.39;2.4;0.078;17.0;43.0;0.99444;3.31;0.77;12.5;9
7.3;0.48;0.32;2.1;0.062;31.0;54.0;0.9972799999999999;3.3;0.65;10.0;9
10.0;0.41;0.45;6.2;0.071;6.0;14.0;0.99702;3.21;0.49;11.8;9
12.8;0.615;0.66;5.8;0.083;7.0;42.0;1.0022;3.07;0.73;10.0;9
6.6;0.84;0.03;2.3;0.059000000000000004;32.0;48.0;0.9952;3.52;0.56;12.3;9
10.4;0.44;0.73;6.55;0.07400000000000001;38.0;76.0;0.9990000000000001;3.17;0.85;12.0;9
9.8;0.3;0.39;1.7;0.062;3.0;9.0;0.9948;3.14;0.57;11.5;9
9.8;0.34;0.39;1.4;0.066;3.0;7.0;0.9947;3.19;0.55;11.4;9
7.8;0.64;0.1;6.0;0.115;5.0;11.0;0.9984;3.37;0.69;10.1;9
7.3;0.55;0.01;1.8;0.09300000000000001;9.0;15.0;0.9951399999999999;3.35;0.58;11.0;9
11.8;0.26;0.52;1.8;0.071;6.0;10.0;0.9968;3.2;0.72;10.2;9
10.6;0.36;0.57;2.3;0.087;6.0;20.0;0.9967600000000001;3.14;0.72;11.1;9
8.9;0.4;0.32;5.6;0.087;10.0;47.0;0.9991;3.38;0.77;10.5;9
6.6;0.58;0.02;2.0;0.062;37.0;53.0;0.99374;3.35;0.76;11.6;9
8.4;0.25;0.39;2.0;0.040999999999999995;4.0;10.0;0.9938600000000001;3.27;0.71;12.5;9
12.0;0.37;0.76;4.2;0.066;7.0;38.0;1.0004;3.22;0.6;13.0;9
8.2;0.31;0.4;2.2;0.057999999999999996;6.0;10.0;0.99536;3.31;0.68;11.2;9
15.0;0.21;0.44;2.2;0.075;10.0;24.0;1.00005;3.07;0.84;9.2;9
9.8;0.66;0.39;3.2;0.083;21.0;59.0;0.9989;3.37;0.71;11.5;9
7.0;0.6;0.12;2.2;0.083;13.0;28.0;0.9966;3.52;0.62;10.2;9
8.2;0.28;0.4;2.4;0.052000000000000005;4.0;10.0;0.99356;3.33;0.7;12.8;9
9.8;0.66;0.39;3.2;0.083;21.0;59.0;0.9989;3.37;0.71;11.5;9
8.2;0.33;0.32;2.8;0.067;4.0;12.0;0.9947299999999999;3.3;0.76;12.8;9
11.6;0.32;0.55;2.8;0.081;35.0;67.0;1.0002;3.32;0.92;10.8;9
11.6;0.53;0.66;3.65;0.121;6.0;14.0;0.9978;3.05;0.74;11.5;9
6.6;0.815;0.02;2.7;0.07200000000000001;17.0;34.0;0.9955;3.58;0.89;12.3;9
5.6;0.66;0.0;2.2;0.087;3.0;11.0;0.9937799999999999;3.71;0.63;12.8;9
8.7;0.41;0.41;6.2;0.078;25.0;42.0;0.9953;3.24;0.77;12.6;9
6.7;0.32;0.44;2.4;0.061;24.0;34.0;0.99484;3.29;0.8;11.6;9
8.7;0.52;0.09;2.5;0.091;20.0;49.0;0.9976;3.34;0.86;10.6;9
10.5;0.24;0.47;2.1;0.066;6.0;24.0;0.9978;3.15;0.9;11.0;9
13.3;0.29;0.75;2.8;0.084;23.0;43.0;0.9986;3.04;0.68;11.4;9
9.1;0.36;0.39;1.8;0.06;21.0;55.0;0.99495;3.18;0.82;11.0;9
9.2;0.31;0.36;2.2;0.079;11.0;31.0;0.99615;3.33;0.86;12.0;9
10.1;0.37;0.34;2.4;0.085;5.0;17.0;0.9968299999999999;3.17;0.65;10.6;9
8.9;0.12;0.45;1.8;0.075;10.0;21.0;0.9955200000000001;3.41;0.76;11.9;9
11.6;0.41;0.54;1.5;0.095;22.0;41.0;0.99735;3.02;0.76;9.9;9
15.6;0.685;0.76;3.7;0.1;6.0;43.0;1.0032;2.95;0.68;11.2;9
10.5;0.24;0.47;2.1;0.066;6.0;24.0;0.9978;3.15;0.9;11.0;9
7.4;0.635;0.1;2.4;0.08;16.0;33.0;0.99736;3.58;0.69;10.8;9
10.4;0.44;0.73;6.55;0.07400000000000001;38.0;76.0;0.9990000000000001;3.17;0.85;12.0;9
9.0;0.38;0.41;2.4;0.10300000000000001;6.0;10.0;0.9960399999999999;3.13;0.58;11.9;9
10.2;0.44;0.58;4.1;0.092;11.0;24.0;0.99745;3.29;0.99;12.0;9
7.2;0.37;0.32;2.0;0.062;15.0;28.0;0.9947;3.23;0.73;11.3;9
